-- ============================================
-- SEED DATA: HVAC Staffing
-- 10 Companies, 20 Candidates, 8 Jobs, 3 Placements
-- ============================================

-- ============================================
-- COMPANIES (10 HVAC companies)
-- ============================================
INSERT INTO companies (id, name, website, industry, location, contact_email, contact_name, contact_phone, notes, status) VALUES
  ('c0000000-0000-0000-0000-000000000001', 'CoolBreeze Mechanical', 'https://coolbreezemech.com', 'HVAC', 'Dallas, TX', 'hr@coolbreezemech.com', 'Marcus Johnson', '(214) 555-0101', 'Large commercial HVAC contractor. Preferred vendor for several Dallas school districts.', 'active'),
  ('c0000000-0000-0000-0000-000000000002', 'Summit Air Solutions', 'https://summitairsolutions.com', 'HVAC', 'Fort Worth, TX', 'recruiting@summitair.com', 'Diane Parker', '(817) 555-0202', 'Residential and light commercial. Growing fast, needs techs regularly.', 'active'),
  ('c0000000-0000-0000-0000-000000000003', 'Arctic Comfort HVAC', 'https://arcticcomfort.com', 'HVAC', 'Austin, TX', 'jobs@arcticcomfort.com', 'Robert Chen', '(512) 555-0303', 'High-end residential installs. Focuses on Trane and Carrier systems.', 'active'),
  ('c0000000-0000-0000-0000-000000000004', 'Lone Star Climate Control', 'https://lonestarclimatectrl.com', 'HVAC', 'Houston, TX', 'talent@lonestarclimatectrl.com', 'Sarah Martinez', '(713) 555-0404', 'Industrial HVAC and refrigeration. Union shop.', 'active'),
  ('c0000000-0000-0000-0000-000000000005', 'BlueSky Heating & Air', NULL, 'HVAC', 'San Antonio, TX', 'mike@blueskyha.com', 'Mike Thompson', '(210) 555-0505', 'Small but steady. 2-3 hires per year.', 'active'),
  ('c0000000-0000-0000-0000-000000000006', 'Precision Duct Systems', 'https://precisionductsys.com', 'HVAC / Sheet Metal', 'Plano, TX', 'hr@precisionduct.com', 'Karen Williams', '(469) 555-0606', 'Ductwork fabrication and install. Need sheet metal workers often.', 'lead'),
  ('c0000000-0000-0000-0000-000000000007', 'ThermalPro Services', 'https://thermalproservices.com', 'HVAC', 'Irving, TX', 'recruiting@thermalpro.com', 'James Lee', '(972) 555-0707', 'Service and maintenance contracts. 24/7 emergency service team.', 'lead'),
  ('c0000000-0000-0000-0000-000000000008', 'RedHawk Mechanical', NULL, 'Mechanical Contracting', 'Arlington, TX', 'office@redhawkmech.com', 'Linda Foster', '(817) 555-0808', 'General mechanical contractor. HVAC is about 60% of their work.', 'lead'),
  ('c0000000-0000-0000-0000-000000000009', 'Greenleaf Energy Systems', 'https://greenleafenergy.com', 'HVAC / Energy', 'Frisco, TX', 'hiring@greenleafenergy.com', 'Tom Nguyen', '(214) 555-0909', 'Geothermal and high-efficiency systems. Niche market, pays well.', 'active'),
  ('c0000000-0000-0000-0000-000000000010', 'Comfort Zone Mechanical', NULL, 'HVAC', 'McKinney, TX', 'info@comfortzonemech.com', 'Angela Davis', '(469) 555-1010', 'Previously active, slowed down. Revisit Q2.', 'inactive');

-- ============================================
-- CANDIDATES (20 HVAC candidates)
-- ============================================
INSERT INTO candidates (id, full_name, email, phone, location, skills, notes, status, source, years_experience, desired_salary, resume_url, last_contacted_at) VALUES
  ('d0000000-0000-0000-0000-000000000001', 'Carlos Ramirez', 'carlos.ramirez@email.com', '(214) 555-2001', 'Dallas, TX', ARRAY['HVAC Install', 'Brazing', 'EPA 608 Universal', 'Residential'], 'Strong residential installer. Looking for commercial opportunity.', 'new', 'referral', 8, 62000, NULL, NULL),
  ('d0000000-0000-0000-0000-000000000002', 'Jake Thompson', 'jake.t@email.com', '(817) 555-2002', 'Fort Worth, TX', ARRAY['HVAC Service', 'Troubleshooting', 'Carrier', 'Trane', 'EPA 608'], 'Experienced service tech. Has own tools. Reliable.', 'contacted', 'job_board', 12, 72000, NULL, '2026-03-10T14:00:00Z'),
  ('d0000000-0000-0000-0000-000000000003', 'Maria Santos', 'maria.santos@email.com', '(512) 555-2003', 'Austin, TX', ARRAY['HVAC Install', 'Ductwork', 'Commercial', 'Residential'], 'Bilingual (English/Spanish). Great work ethic.', 'interviewing', 'linkedin', 5, 58000, NULL, '2026-03-12T09:30:00Z'),
  ('d0000000-0000-0000-0000-000000000004', 'David Kim', 'david.kim@email.com', '(713) 555-2004', 'Houston, TX', ARRAY['Refrigeration', 'HVAC Service', 'Industrial', 'EPA 608 Universal', 'OSHA 30'], 'Industrial refrigeration specialist. Union background.', 'placed', 'referral', 15, 85000, NULL, '2026-02-28T11:00:00Z'),
  ('d0000000-0000-0000-0000-000000000005', 'Tyler Brown', 'tyler.brown@email.com', '(210) 555-2005', 'San Antonio, TX', ARRAY['HVAC Install', 'Brazing', 'Residential'], 'Journeyman level. Passed our skills assessment.', 'new', 'walk_in', 3, 48000, NULL, NULL),
  ('d0000000-0000-0000-0000-000000000006', 'Ahmad Hassan', 'ahmad.h@email.com', '(469) 555-2006', 'Plano, TX', ARRAY['Sheet Metal', 'Ductwork', 'TIG Welding', 'Blueprint Reading'], 'Sheet metal journeyman. Can also do install.', 'contacted', 'referral', 10, 68000, NULL, '2026-03-14T16:00:00Z'),
  ('d0000000-0000-0000-0000-000000000007', 'Brandon Mitchell', 'bmitchell@email.com', '(972) 555-2007', 'Irving, TX', ARRAY['HVAC Service', 'Controls', 'Building Automation', 'DDC'], 'Controls tech with DDC experience. Hard to find skill set.', 'interviewing', 'linkedin', 7, 78000, NULL, '2026-03-15T10:00:00Z'),
  ('d0000000-0000-0000-0000-000000000008', 'Chris Walker', 'cwalker@email.com', '(214) 555-2008', 'Dallas, TX', ARRAY['HVAC Install', 'Startup', 'Commissioning', 'Commercial'], 'Commercial startup and commissioning. Willing to travel.', 'new', 'job_board', 6, 65000, NULL, NULL),
  ('d0000000-0000-0000-0000-000000000009', 'Luis Gonzalez', 'luis.g@email.com', '(817) 555-2009', 'Fort Worth, TX', ARRAY['HVAC Service', 'Residential', 'Heat Pump', 'Mini Split'], 'Residential service. Specializes in mini splits and heat pumps.', 'contacted', 'website', 4, 52000, NULL, '2026-03-08T13:00:00Z'),
  ('d0000000-0000-0000-0000-000000000010', 'Michael Okonkwo', 'mokonkwo@email.com', '(512) 555-2010', 'Austin, TX', ARRAY['HVAC Install', 'Geothermal', 'High Efficiency', 'Residential'], 'Geothermal install experience. Perfect for Greenleaf.', 'new', 'referral', 9, 75000, NULL, NULL),
  ('d0000000-0000-0000-0000-000000000011', 'Ryan Peters', 'rpeters@email.com', '(713) 555-2011', 'Houston, TX', ARRAY['Pipefitting', 'HVAC Install', 'Commercial', 'Chiller'], 'Commercial pipefitter with chiller experience.', 'new', 'job_board', 11, 80000, NULL, NULL),
  ('d0000000-0000-0000-0000-000000000012', 'Jessica Tran', 'jtran@email.com', '(469) 555-2012', 'Richardson, TX', ARRAY['HVAC Design', 'AutoCAD', 'Manual J', 'Load Calc'], 'HVAC designer, not a field tech. Looking for design-build firm.', 'contacted', 'linkedin', 6, 70000, NULL, '2026-03-11T15:00:00Z'),
  ('d0000000-0000-0000-0000-000000000013', 'Darnell Jackson', 'djackson@email.com', '(214) 555-2013', 'Garland, TX', ARRAY['HVAC Install', 'Ductwork', 'Residential', 'Commercial'], 'Versatile installer. Can lead a crew.', 'interviewing', 'referral', 8, 66000, NULL, '2026-03-13T08:00:00Z'),
  ('d0000000-0000-0000-0000-000000000014', 'Kevin Murphy', 'kmurphy@email.com', '(817) 555-2014', 'Keller, TX', ARRAY['HVAC Service', 'Commercial', 'Rooftop Units', 'VRF'], 'Commercial service tech. VRF certified (Daikin, Mitsubishi).', 'new', 'walk_in', 14, 82000, NULL, NULL),
  ('d0000000-0000-0000-0000-000000000015', 'Antonio Reyes', 'areyes@email.com', '(210) 555-2015', 'New Braunfels, TX', ARRAY['HVAC Install', 'Brazing', 'EPA 608', 'Residential'], 'Willing to relocate to DFW. Needs 2 weeks notice.', 'new', 'website', 4, 50000, NULL, NULL),
  ('d0000000-0000-0000-0000-000000000016', 'Travis Scott', 'tscott.hvac@email.com', '(972) 555-2016', 'Lewisville, TX', ARRAY['HVAC Service', 'Maintenance', 'PM Contracts', 'Commercial'], 'Maintenance-focused tech. Great for PM contract work.', 'contacted', 'job_board', 5, 55000, NULL, '2026-03-09T11:00:00Z'),
  ('d0000000-0000-0000-0000-000000000017', 'Daniel Park', 'dpark@email.com', '(214) 555-2017', 'Carrollton, TX', ARRAY['Controls', 'BAS', 'Honeywell', 'Tridium Niagara'], 'Building automation specialist. Niagara certified.', 'new', 'linkedin', 8, 85000, NULL, NULL),
  ('d0000000-0000-0000-0000-000000000018', 'Malik Robinson', 'mrobinson@email.com', '(713) 555-2018', 'Cypress, TX', ARRAY['HVAC Install', 'Commercial', 'Piping', 'Brazing'], 'Commercial installer. Has reliable transportation.', 'rejected', 'referral', 2, 42000, 'No-showed twice for interviews. Do not recontact.', NULL),
  ('d0000000-0000-0000-0000-000000000019', 'Ethan Wright', 'ewright@email.com', '(469) 555-2019', 'Allen, TX', ARRAY['HVAC Service', 'Residential', 'Troubleshooting', 'Electrical'], 'Good troubleshooter. Also has electrical background.', 'placed', 'referral', 7, 64000, NULL, '2026-02-15T09:00:00Z'),
  ('d0000000-0000-0000-0000-000000000020', 'Victor Hernandez', 'vhernandez@email.com', '(512) 555-2020', 'Round Rock, TX', ARRAY['HVAC Install', 'Residential', 'New Construction'], 'New construction installer. Prefers piece-rate work.', 'new', 'walk_in', 6, 58000, NULL, NULL);

-- ============================================
-- JOBS (8 HVAC jobs)
-- ============================================
INSERT INTO jobs (id, company_id, title, description, location, salary_range, status, priority, urgency_notes, employment_type, pay_type) VALUES
  ('j0000000-0000-0000-0000-000000000001', 'c0000000-0000-0000-0000-000000000001', 'Commercial HVAC Service Technician', 'Troubleshoot, repair, and maintain commercial HVAC systems across DFW school district contracts. Must have EPA 608 Universal and reliable transportation. Rooftop unit experience required.', 'Dallas, TX', '$55,000 - $72,000', 'open', 'high', 'School starts in August — need someone onboarded by July 15.', 'full_time', 'salary'),
  ('j0000000-0000-0000-0000-000000000002', 'c0000000-0000-0000-0000-000000000002', 'Residential HVAC Installer', 'Install residential HVAC systems including split systems, heat pumps, and ductwork. Experience with Trane and Carrier preferred.', 'Fort Worth, TX', '$22 - $30/hr', 'open', 'medium', NULL, 'full_time', 'hourly'),
  ('j0000000-0000-0000-0000-000000000003', 'c0000000-0000-0000-0000-000000000003', 'Lead HVAC Installer', 'Lead a 3-person crew on high-end residential installs in the Austin area. Must have 7+ years experience and ability to read blueprints.', 'Austin, TX', '$70,000 - $82,000', 'open', 'high', 'Current lead gave 2-week notice. Critical backfill.', 'full_time', 'salary'),
  ('j0000000-0000-0000-0000-000000000004', 'c0000000-0000-0000-0000-000000000004', 'Industrial Refrigeration Technician', 'Service and repair industrial refrigeration systems in food processing and cold storage facilities. Must have EPA 608 Universal and OSHA 30.', 'Houston, TX', '$75,000 - $90,000', 'open', 'medium', NULL, 'full_time', 'salary'),
  ('j0000000-0000-0000-0000-000000000005', 'c0000000-0000-0000-0000-000000000001', 'HVAC Controls Technician', 'Install, program, and troubleshoot DDC building automation systems. Experience with Tridium Niagara or Honeywell preferred.', 'Dallas, TX', '$70,000 - $85,000', 'open', 'high', 'New school district contract starting Q3. Need 2 controls techs.', 'full_time', 'salary'),
  ('j0000000-0000-0000-0000-000000000006', 'c0000000-0000-0000-0000-000000000009', 'Geothermal Install Technician', 'Install geothermal heat pump systems for residential customers. Training provided on proprietary systems. Must have HVAC install background.', 'Frisco, TX', '$60,000 - $75,000', 'open', 'low', NULL, 'full_time', 'salary'),
  ('j0000000-0000-0000-0000-000000000007', 'c0000000-0000-0000-0000-000000000005', 'HVAC Service Tech (Temp-to-Hire)', 'Residential service calls. Company vehicle provided after conversion to full-time. Must have valid driver license.', 'San Antonio, TX', '$20 - $26/hr', 'open', 'medium', NULL, 'temp_to_hire', 'hourly'),
  ('j0000000-0000-0000-0000-000000000008', 'c0000000-0000-0000-0000-000000000002', 'Sheet Metal Duct Fabricator', 'Fabricate and install ductwork for residential and light commercial projects. TIG welding and blueprint reading required.', 'Fort Worth, TX', '$55,000 - $68,000', 'closed', 'low', 'Position filled internally. May reopen if volume increases.', 'full_time', 'salary');

-- ============================================
-- PLACEMENTS (3 realistic placements)
-- ============================================
INSERT INTO placements (id, candidate_id, job_id, company_id, placement_fee, status, hired_at, paid_at, start_date, notes) VALUES
  ('p0000000-0000-0000-0000-000000000001', 'd0000000-0000-0000-0000-000000000004', 'j0000000-0000-0000-0000-000000000004', 'c0000000-0000-0000-0000-000000000004', 12750.00, 'paid', '2026-02-01T10:00:00Z', '2026-03-01T10:00:00Z', '2026-02-17', 'David started on schedule. Client very happy with his industrial refrigeration background. Invoice #2026-004 paid net-30.'),
  ('p0000000-0000-0000-0000-000000000002', 'd0000000-0000-0000-0000-000000000019', 'j0000000-0000-0000-0000-000000000002', 'c0000000-0000-0000-0000-000000000002', 8500.00, 'hired', '2026-03-05T14:00:00Z', NULL, '2026-03-24', 'Ethan accepted offer. Starts March 24. Waiting for first-day confirmation before invoicing.'),
  ('p0000000-0000-0000-0000-000000000003', 'd0000000-0000-0000-0000-000000000013', 'j0000000-0000-0000-0000-000000000003', 'c0000000-0000-0000-0000-000000000003', 11000.00, 'pending', NULL, NULL, NULL, 'Darnell had a strong interview with Arctic Comfort. They want him as lead installer. Offer letter being drafted.');
